Name,Commits,URL
Rafael Mendonça França,12734,https://contributors.rubyonrails.org/contributors/rafael-mendonca-franca/commits
Aaron Patterson,6583,https://contributors.rubyonrails.org/contributors/aaron-patterson/commits
Ryuta Kamizono,5192,https://contributors.rubyonrails.org/contributors/ryuta-kamizono/commits
David Heinemeier Hansson,4922,https://contributors.rubyonrails.org/contributors/david-heinemeier-hansson/commits
Jeremy Daer,4421,https://contributors.rubyonrails.org/contributors/jeremy-daer/commits
Jean Boussier,3295,https://contributors.rubyonrails.org/contributors/jean-boussier/commits
Xavier Noria,3244,https://contributors.rubyonrails.org/contributors/xavier-noria/commits
José Valim,3014,https://contributors.rubyonrails.org/contributors/jose-valim/commits
Eileen M. Uchitelle,2514,https://contributors.rubyonrails.org/contributors/eileen-m-uchitelle/commits
Jonathan Hefner,2354,https://contributors.rubyonrails.org/contributors/jonathan-hefner/commits
Yves Senn,2069,https://contributors.rubyonrails.org/contributors/yves-senn/commits
Carlos Antonio da Silva,2039,https://contributors.rubyonrails.org/contributors/carlos-antonio-da-silva/commits
Santiago Pastorino,1984,https://contributors.rubyonrails.org/contributors/santiago-pastorino/commits
Kasper Timm Hansen,1767,https://contributors.rubyonrails.org/contributors/kasper-timm-hansen/commits
Siân Griffin,1453,https://contributors.rubyonrails.org/contributors/sian-griffin/commits
Andrew White,1328,https://contributors.rubyonrails.org/contributors/andrew-white/commits
Matthew Draper,1298,https://contributors.rubyonrails.org/contributors/matthew-draper/commits
Vijay Dev,1275,https://contributors.rubyonrails.org/contributors/vijay-dev/commits
Guillermo Iguaran,1273,https://contributors.rubyonrails.org/contributors/guillermo-iguaran/commits
Josh Peek,1228,https://contributors.rubyonrails.org/contributors/josh-peek/commits
Jon Leighton,1209,https://contributors.rubyonrails.org/contributors/jon-leighton/commits
Akira Matsuda,1180,https://contributors.rubyonrails.org/contributors/akira-matsuda/commits
Yuuji Yaginuma,1151,https://contributors.rubyonrails.org/contributors/yuuji-yaginuma/commits
zzak,1131,https://contributors.rubyonrails.org/contributors/zzak/commits
Pratik Naik,1093,https://contributors.rubyonrails.org/contributors/pratik-naik/commits
Petrik de Heus,905,https://contributors.rubyonrails.org/contributors/petrik-de-heus/commits
Yehuda Katz,896,https://contributors.rubyonrails.org/contributors/yehuda-katz/commits
Yasuo Honda,828,https://contributors.rubyonrails.org/contributors/yasuo-honda/commits
Vipul A M,827,https://contributors.rubyonrails.org/contributors/vipul-a-m/commits
Hartley McGuire,818,https://contributors.rubyonrails.org/contributors/hartley-mcguire/commits
George Claghorn,783,https://contributors.rubyonrails.org/contributors/george-claghorn/commits
Michael Koziarski,775,https://contributors.rubyonrails.org/contributors/michael-koziarski/commits
John Hawthorn,762,https://contributors.rubyonrails.org/contributors/john-hawthorn/commits
Arun Agrawal,646,https://contributors.rubyonrails.org/contributors/arun-agrawal/commits
Emilio Tagua,609,https://contributors.rubyonrails.org/contributors/emilio-tagua/commits
fatkodima,608,https://contributors.rubyonrails.org/contributors/fatkodima/commits
Piotr Sarnacki,598,https://contributors.rubyonrails.org/contributors/piotr-sarnacki/commits
Rick Olson,597,https://contributors.rubyonrails.org/contributors/rick-olson/commits
Ryan Bigg,567,https://contributors.rubyonrails.org/contributors/ryan-bigg/commits
Eugene Kenny,563,https://contributors.rubyonrails.org/contributors/eugene-kenny/commits
Prathamesh Sonpatki,561,https://contributors.rubyonrails.org/contributors/prathamesh-sonpatki/commits
Carl Lerche,542,https://contributors.rubyonrails.org/contributors/carl-lerche/commits
Jon Moss,519,https://contributors.rubyonrails.org/contributors/jon-moss/commits
Gannon McGibbon,515,https://contributors.rubyonrails.org/contributors/gannon-mcgibbon/commits
Richard Schneeman,490,https://contributors.rubyonrails.org/contributors/richard-schneeman/commits
Arthur Neves,482,https://contributors.rubyonrails.org/contributors/arthur-neves/commits
Godfrey Chan,455,https://contributors.rubyonrails.org/contributors/godfrey-chan/commits
Jamis Buck,418,https://contributors.rubyonrails.org/contributors/jamis-buck/commits
Francesco Rodríguez,413,https://contributors.rubyonrails.org/contributors/francesco-rodriguez/commits
Neeraj Singh,382,https://contributors.rubyonrails.org/contributors/neeraj-singh/commits
bogdanvlviv,377,https://contributors.rubyonrails.org/contributors/bogdanvlviv/commits
Marcel Molina Jr.,350,https://contributors.rubyonrails.org/contributors/marcel-molina-jr/commits
Mikel Lindsaar,337,https://contributors.rubyonrails.org/contributors/mikel-lindsaar/commits
Nicholas Seckar,325,https://contributors.rubyonrails.org/contributors/nicholas-seckar/commits
Robin Dupret,319,https://contributors.rubyonrails.org/contributors/robin-dupret/commits
Prem Sichanugrist,308,https://contributors.rubyonrails.org/contributors/prem-sichanugrist/commits
Claudio Baccigalupo,280,https://contributors.rubyonrails.org/contributors/claudio-baccigalupo/commits
Toshinori Kajihara,271,https://contributors.rubyonrails.org/contributors/toshinori-kajihara/commits
Mike Gunderloy,258,https://contributors.rubyonrails.org/contributors/mike-gunderloy/commits
Steve Klabnik,245,https://contributors.rubyonrails.org/contributors/steve-klabnik/commits
yui-knk,243,https://contributors.rubyonrails.org/contributors/yui-knk/commits
Alex Ghiculescu,229,https://contributors.rubyonrails.org/contributors/alex-ghiculescu/commits
Javan Makhmali,202,https://contributors.rubyonrails.org/contributors/javan-makhmali/commits
Edouard CHIN,200,https://contributors.rubyonrails.org/contributors/edouard-chin/commits
Abdelkader Boudih,194,https://contributors.rubyonrails.org/contributors/abdelkader-boudih/commits
Nick Kallen,192,https://contributors.rubyonrails.org/contributors/nick-kallen/commits
Frederick Cheung,183,https://contributors.rubyonrails.org/contributors/frederick-cheung/commits
Geoff Buesing,179,https://contributors.rubyonrails.org/contributors/geoff-buesing/commits
Sebastian Martinez,161,https://contributors.rubyonrails.org/contributors/sebastian-martinez/commits
Sergey Nartimov,159,https://contributors.rubyonrails.org/contributors/sergey-nartimov/commits
Łukasz Strzałkowski,158,https://contributors.rubyonrails.org/contributors/lukasz-strzalkowski/commits
Adrianna Chang,156,https://contributors.rubyonrails.org/contributors/adrianna-chang/commits
Yoshiyuki Hirano,154,https://contributors.rubyonrails.org/contributors/yoshiyuki-hirano/commits
Sean Doyle,153,https://contributors.rubyonrails.org/contributors/sean-doyle/commits
Bryan Helmkamp,143,https://contributors.rubyonrails.org/contributors/bryan-helmkamp/commits
Guo Xiang Tan,143,https://contributors.rubyonrails.org/contributors/guo-xiang-tan/commits
Sam Stephenson,142,https://contributors.rubyonrails.org/contributors/sam-stephenson/commits
Josh Kalderimis,140,https://contributors.rubyonrails.org/contributors/josh-kalderimis/commits
Oscar Del Ben,140,https://contributors.rubyonrails.org/contributors/oscar-del-ben/commits
Tobias Lütke,131,https://contributors.rubyonrails.org/contributors/tobias-lutke/commits
Bogdan Gusiev,128,https://contributors.rubyonrails.org/contributors/bogdan-gusiev/commits
Tarmo Tänav,126,https://contributors.rubyonrails.org/contributors/tarmo-tanav/commits
Alexey Vakhov,123,https://contributors.rubyonrails.org/contributors/alexey-vakhov/commits
Nikita Vasilevsky,123,https://contributors.rubyonrails.org/contributors/nikita-vasilevsky/commits
Akhil G Krishnan,118,https://contributors.rubyonrails.org/contributors/akhil-g-krishnan/commits
Hongli Lai (Phusion),118,https://contributors.rubyonrails.org/contributors/hongli-lai-phusion/commits
Jorge Manrubia,117,https://contributors.rubyonrails.org/contributors/jorge-manrubia/commits
utilum,116,https://contributors.rubyonrails.org/contributors/utilum/commits
Juanito Fatas,112,https://contributors.rubyonrails.org/contributors/juanito-fatas/commits
Vishnu Atrai,112,https://contributors.rubyonrails.org/contributors/vishnu-atrai/commits
Abhay Nikam,111,https://contributors.rubyonrails.org/contributors/abhay-nikam/commits
Ridhwana,111,https://contributors.rubyonrails.org/contributors/ridhwana/commits
Sven Fuchs,111,https://contributors.rubyonrails.org/contributors/sven-fuchs/commits
Akshay Vishnoi,109,https://contributors.rubyonrails.org/contributors/akshay-vishnoi/commits
Koichi ITO,109,https://contributors.rubyonrails.org/contributors/koichi-ito/commits
Jason Noble,107,https://contributors.rubyonrails.org/contributors/jason-noble/commits
Étienne Barrié,105,https://contributors.rubyonrails.org/contributors/etienne-barrie/commits
Thomas Fuchs,104,https://contributors.rubyonrails.org/contributors/thomas-fuchs/commits
Jaime Iniesta,103,https://contributors.rubyonrails.org/contributors/jaime-iniesta/commits
Kir Shatrov,102,https://contributors.rubyonrails.org/contributors/kir-shatrov/commits
Damien Mathieu,101,https://contributors.rubyonrails.org/contributors/damien-mathieu/commits
Stefan Kaes,99,https://contributors.rubyonrails.org/contributors/stefan-kaes/commits
Ernie Miller,95,https://contributors.rubyonrails.org/contributors/ernie-miller/commits
Rizwan Reza,94,https://contributors.rubyonrails.org/contributors/rizwan-reza/commits
Mehmet Emin İNAÇ,92,https://contributors.rubyonrails.org/contributors/mehmet-emin-inac/commits
Daniel Colson,90,https://contributors.rubyonrails.org/contributors/daniel-colson/commits
Earlopain,89,https://contributors.rubyonrails.org/contributors/earlopain/commits
Genadi Samokovarov,89,https://contributors.rubyonrails.org/contributors/genadi-samokovarov/commits
Cheah Chu Yeow,88,https://contributors.rubyonrails.org/contributors/cheah-chu-yeow/commits
John Crepezzi,88,https://contributors.rubyonrails.org/contributors/john-crepezzi/commits
Mike Dalessio,87,https://contributors.rubyonrails.org/contributors/mike-dalessio/commits
John J. Wang,85,https://contributors.rubyonrails.org/contributors/john-j-wang/commits
Aditya Kapoor,84,https://contributors.rubyonrails.org/contributors/aditya-kapoor/commits
Kuldeep Aggarwal,83,https://contributors.rubyonrails.org/contributors/kuldeep-aggarwal/commits
Leon Breedt,82,https://contributors.rubyonrails.org/contributors/leon-breedt/commits
Raimonds Simanovskis,82,https://contributors.rubyonrails.org/contributors/raimonds-simanovskis/commits
thedarkone,80,https://contributors.rubyonrails.org/contributors/thedarkone/commits
Gonçalo Silva,78,https://contributors.rubyonrails.org/contributors/goncalo-silva/commits
Rohit Arondekar,78,https://contributors.rubyonrails.org/contributors/rohit-arondekar/commits
Aditya Sanghi,76,https://contributors.rubyonrails.org/contributors/aditya-sanghi/commits
Agis Anastasopoulos,75,https://contributors.rubyonrails.org/contributors/agis-anastasopoulos/commits
Sam Ruby,73,https://contributors.rubyonrails.org/contributors/sam-ruby/commits
Vasiliy Ermolovich,73,https://contributors.rubyonrails.org/contributors/vasiliy-ermolovich/commits
Gaurish Sharma,70,https://contributors.rubyonrails.org/contributors/gaurish-sharma/commits
Manfred Stienstra,69,https://contributors.rubyonrails.org/contributors/manfred-stienstra/commits
Roberto Miranda,69,https://contributors.rubyonrails.org/contributors/roberto-miranda/commits
Wojciech Wnętrzak,69,https://contributors.rubyonrails.org/contributors/wojciech-wnetrzak/commits
Jon Atack,68,https://contributors.rubyonrails.org/contributors/jon-atack/commits
Josh Susser,68,https://contributors.rubyonrails.org/contributors/josh-susser/commits
Mislav Marohnić,67,https://contributors.rubyonrails.org/contributors/mislav-marohnic/commits
Stan Lo,67,https://contributors.rubyonrails.org/contributors/stan-lo/commits
Andrew Novoselac,66,https://contributors.rubyonrails.org/contributors/andrew-novoselac/commits
Marc-André Lafortune,65,https://contributors.rubyonrails.org/contributors/marc-andre-lafortune/commits
Trevor Turk,64,https://contributors.rubyonrails.org/contributors/trevor-turk/commits
Daniel Schierbeck,63,https://contributors.rubyonrails.org/contributors/daniel-schierbeck/commits
Lachlan Sylvester,62,https://contributors.rubyonrails.org/contributors/lachlan-sylvester/commits
Nick Sieger,62,https://contributors.rubyonrails.org/contributors/nick-sieger/commits
Alberto Almagro,61,https://contributors.rubyonrails.org/contributors/alberto-almagro/commits
Joost Baaij,61,https://contributors.rubyonrails.org/contributors/joost-baaij/commits
Cristian Bica,60,https://contributors.rubyonrails.org/contributors/cristian-bica/commits
Joshua Young,60,https://contributors.rubyonrails.org/contributors/joshua-young/commits
Michael Schoen,60,https://contributors.rubyonrails.org/contributors/michael-schoen/commits
John Bampton,59,https://contributors.rubyonrails.org/contributors/john-bampton/commits
Eloy Duran,58,https://contributors.rubyonrails.org/contributors/eloy-duran/commits
Cássio Marques,56,https://contributors.rubyonrails.org/contributors/cassio-marques/commits
Matt Jones,56,https://contributors.rubyonrails.org/contributors/matt-jones/commits
Ben Woosley,55,https://contributors.rubyonrails.org/contributors/ben-woosley/commits
Henrik Nyh,55,https://contributors.rubyonrails.org/contributors/henrik-nyh/commits
Alex Kitchens,54,https://contributors.rubyonrails.org/contributors/alex-kitchens/commits
Amit Kumar Suroliya,53,https://contributors.rubyonrails.org/contributors/amit-kumar-suroliya/commits
James Miller,53,https://contributors.rubyonrails.org/contributors/james-miller/commits
Ravil Bayramgalin,53,https://contributors.rubyonrails.org/contributors/ravil-bayramgalin/commits
Mikhail Dieterle,52,https://contributors.rubyonrails.org/contributors/mikhail-dieterle/commits
Hendy Tanata,51,https://contributors.rubyonrails.org/contributors/hendy-tanata/commits
T.J. Schuck,51,https://contributors.rubyonrails.org/contributors/t-j-schuck/commits
Ben Orenstein,50,https://contributors.rubyonrails.org/contributors/ben-orenstein/commits
David Chelimsky,50,https://contributors.rubyonrails.org/contributors/david-chelimsky/commits
Paul Nikitochkin,50,https://contributors.rubyonrails.org/contributors/paul-nikitochkin/commits
Yuki Nishijima,50,https://contributors.rubyonrails.org/contributors/yuki-nishijima/commits
Dylan Thacker-Smith,49,https://contributors.rubyonrails.org/contributors/dylan-thacker-smith/commits
Gaurav Sharma,49,https://contributors.rubyonrails.org/contributors/gaurav-sharma/commits
Scott Barron,49,https://contributors.rubyonrails.org/contributors/scott-barron/commits
Jeffrey Hardy,48,https://contributors.rubyonrails.org/contributors/jeffrey-hardy/commits
Ronak Jangir,48,https://contributors.rubyonrails.org/contributors/ronak-jangir/commits
Waynn Lue,48,https://contributors.rubyonrails.org/contributors/waynn-lue/commits
hachi8833,47,https://contributors.rubyonrails.org/contributors/hachi8833/commits
Ray Baxter,47,https://contributors.rubyonrails.org/contributors/ray-baxter/commits
Samuel Williams,46,https://contributors.rubyonrails.org/contributors/samuel-williams/commits
Vladimir Dementyev,46,https://contributors.rubyonrails.org/contributors/vladimir-dementyev/commits
Dino Maric,45,https://contributors.rubyonrails.org/contributors/dino-maric/commits
Jorge Bejar,45,https://contributors.rubyonrails.org/contributors/jorge-bejar/commits
Lauro Caetano,45,https://contributors.rubyonrails.org/contributors/lauro-caetano/commits
Ryan Davis (zenspider),45,https://contributors.rubyonrails.org/contributors/ryan-davis-zenspider/commits
Angelo Capilleri,44,https://contributors.rubyonrails.org/contributors/angelo-capilleri/commits
Chris Oliver,44,https://contributors.rubyonrails.org/contributors/chris-oliver/commits
Zuhao Wan,44,https://contributors.rubyonrails.org/contributors/zuhao-wan/commits
Andreas Scherer,43,https://contributors.rubyonrails.org/contributors/andreas-scherer/commits
Jonathan del Strother,43,https://contributors.rubyonrails.org/contributors/jonathan-del-strother/commits
Karel Minařík,43,https://contributors.rubyonrails.org/contributors/karel-minarik/commits
Richard Hulse,43,https://contributors.rubyonrails.org/contributors/richard-hulse/commits
Santiago Bartesaghi,43,https://contributors.rubyonrails.org/contributors/santiago-bartesaghi/commits
Santosh Wadghule,43,https://contributors.rubyonrails.org/contributors/santosh-wadghule/commits
kenta-s,42,https://contributors.rubyonrails.org/contributors/kenta-s/commits
Norman Clarke,42,https://contributors.rubyonrails.org/contributors/norman-clarke/commits
Shodai Suzuki,42,https://contributors.rubyonrails.org/contributors/shodai-suzuki/commits
Franck Verrot,41,https://contributors.rubyonrails.org/contributors/franck-verrot/commits
Jonathan Viney,41,https://contributors.rubyonrails.org/contributors/jonathan-viney/commits
Josef Šimánek,41,https://contributors.rubyonrails.org/contributors/josef-simanek/commits
Kevin Newton,41,https://contributors.rubyonrails.org/contributors/kevin-newton/commits
Tom Ward,41,https://contributors.rubyonrails.org/contributors/tom-ward/commits
Brian Cardarella,40,https://contributors.rubyonrails.org/contributors/brian-cardarella/commits
Mark J. Titorenko,39,https://contributors.rubyonrails.org/contributors/mark-j-titorenko/commits
Ralph Shnelvar,39,https://contributors.rubyonrails.org/contributors/ralph-shnelvar/commits
Sharang Dashputre,39,https://contributors.rubyonrails.org/contributors/sharang-dashputre/commits
Andrew Kaspick,38,https://contributors.rubyonrails.org/contributors/andrew-kaspick/commits
Brian Lopez,38,https://contributors.rubyonrails.org/contributors/brian-lopez/commits
Matt Jankowski,38,https://contributors.rubyonrails.org/contributors/matt-jankowski/commits
Rashmi Yadav,38,https://contributors.rubyonrails.org/contributors/rashmi-yadav/commits
Uģis Ozols,38,https://contributors.rubyonrails.org/contributors/ugis-ozols/commits
Vinicius Stock,38,https://contributors.rubyonrails.org/contributors/vinicius-stock/commits
Chris Kampmeier,37,https://contributors.rubyonrails.org/contributors/chris-kampmeier/commits
Haroon Ahmed,37,https://contributors.rubyonrails.org/contributors/haroon-ahmed/commits
Tore Darell,37,https://contributors.rubyonrails.org/contributors/tore-darell/commits
Ghouse Mohamed,36,https://contributors.rubyonrails.org/contributors/ghouse-mohamed/commits
John Firebaugh,36,https://contributors.rubyonrails.org/contributors/john-firebaugh/commits
Thiago Pradi,36,https://contributors.rubyonrails.org/contributors/thiago-pradi/commits
Bob Silva,35,https://contributors.rubyonrails.org/contributors/bob-silva/commits
Erik Michaels-Ober,35,https://contributors.rubyonrails.org/contributors/erik-michaels-ober/commits
Jeff Dean,35,https://contributors.rubyonrails.org/contributors/jeff-dean/commits
Ken Collins,35,https://contributors.rubyonrails.org/contributors/ken-collins/commits
Mike Perham,35,https://contributors.rubyonrails.org/contributors/mike-perham/commits
Philip Arndt,35,https://contributors.rubyonrails.org/contributors/philip-arndt/commits
Richard Macklin,35,https://contributors.rubyonrails.org/contributors/richard-macklin/commits
Roque Pinel,35,https://contributors.rubyonrails.org/contributors/roque-pinel/commits
Andre Arko,34,https://contributors.rubyonrails.org/contributors/andre-arko/commits
Bob Remeika,34,https://contributors.rubyonrails.org/contributors/bob-remeika/commits
Chris Salzberg,34,https://contributors.rubyonrails.org/contributors/chris-salzberg/commits
Jack Danger Canty,34,https://contributors.rubyonrails.org/contributors/jack-danger-canty/commits
Ryunosuke Sato,34,https://contributors.rubyonrails.org/contributors/ryunosuke-sato/commits
Takayuki Nakata,34,https://contributors.rubyonrails.org/contributors/takayuki-nakata/commits
Erik St. Martin,33,https://contributors.rubyonrails.org/contributors/erik-st-martin/commits
Juanjo Bazán,33,https://contributors.rubyonrails.org/contributors/juanjo-bazan/commits
Kevin Clark,33,https://contributors.rubyonrails.org/contributors/kevin-clark/commits
Kevin McPhillips,33,https://contributors.rubyonrails.org/contributors/kevin-mcphillips/commits
Sam Pohlenz,33,https://contributors.rubyonrails.org/contributors/sam-pohlenz/commits
Thillai Arasu,33,https://contributors.rubyonrails.org/contributors/thillai-arasu/commits
Bart de Water,32,https://contributors.rubyonrails.org/contributors/bart-de-water/commits
lulalala,32,https://contributors.rubyonrails.org/contributors/lulalala/commits
Shouichi Kamiya,32,https://contributors.rubyonrails.org/contributors/shouichi-kamiya/commits
alpaca-tc,31,https://contributors.rubyonrails.org/contributors/alpaca-tc/commits
Benjamin Quorning,31,https://contributors.rubyonrails.org/contributors/benjamin-quorning/commits
bhumi1102,31,https://contributors.rubyonrails.org/contributors/bhumi1102/commits
Fumiaki MATSUSHIMA,31,https://contributors.rubyonrails.org/contributors/fumiaki-matsushima/commits
Gosha Arinich,31,https://contributors.rubyonrails.org/contributors/gosha-arinich/commits
Jacopo,31,https://contributors.rubyonrails.org/contributors/jacopo/commits
Jonathan Roes,31,https://contributors.rubyonrails.org/contributors/jonathan-roes/commits
Karunakar (Ruby),31,https://contributors.rubyonrails.org/contributors/karunakar-ruby/commits
Lucas Mazza,31,https://contributors.rubyonrails.org/contributors/lucas-mazza/commits
Sam Bostock,31,https://contributors.rubyonrails.org/contributors/sam-bostock/commits
Stefan Sprenger,31,https://contributors.rubyonrails.org/contributors/stefan-sprenger/commits
Anton Davydov,30,https://contributors.rubyonrails.org/contributors/anton-davydov/commits
Avner Cohen,30,https://contributors.rubyonrails.org/contributors/avner-cohen/commits
Hrvoje Šimić,30,https://contributors.rubyonrails.org/contributors/hrvoje-simic/commits
Lawrence Pit,30,https://contributors.rubyonrails.org/contributors/lawrence-pit/commits
Matt Duncan,30,https://contributors.rubyonrails.org/contributors/matt-duncan/commits
Paco Guzman,30,https://contributors.rubyonrails.org/contributors/paco-guzman/commits
Zack Deveau,30,https://contributors.rubyonrails.org/contributors/zack-deveau/commits
Diego Carrion,29,https://contributors.rubyonrails.org/contributors/diego-carrion/commits
Jeffrey Guenther,29,https://contributors.rubyonrails.org/contributors/jeffrey-guenther/commits
Jerome Dalbert,29,https://contributors.rubyonrails.org/contributors/jerome-dalbert/commits
Lars Kanis,29,https://contributors.rubyonrails.org/contributors/lars-kanis/commits
Niklas Häusele,29,https://contributors.rubyonrails.org/contributors/niklas-hausele/commits
Shinichi Maeshima,29,https://contributors.rubyonrails.org/contributors/shinichi-maeshima/commits
Tim Pope,29,https://contributors.rubyonrails.org/contributors/tim-pope/commits
Tom Kadwill,29,https://contributors.rubyonrails.org/contributors/tom-kadwill/commits
Yauheni Dakuka,29,https://contributors.rubyonrails.org/contributors/yauheni-dakuka/commits
Clemens Kofler,28,https://contributors.rubyonrails.org/contributors/clemens-kofler/commits
Luca Guidi,28,https://contributors.rubyonrails.org/contributors/luca-guidi/commits
Michael Grosser,28,https://contributors.rubyonrails.org/contributors/michael-grosser/commits
Nick Sutterer,28,https://contributors.rubyonrails.org/contributors/nick-sutterer/commits
Will Bryant,28,https://contributors.rubyonrails.org/contributors/will-bryant/commits
y-yagi,28,https://contributors.rubyonrails.org/contributors/y-yagi/commits
Andrey Nering,27,https://contributors.rubyonrails.org/contributors/andrey-nering/commits
Dmitry Vorotilin,27,https://contributors.rubyonrails.org/contributors/dmitry-vorotilin/commits
Emili Parreño,27,https://contributors.rubyonrails.org/contributors/emili-parreno/commits
Fred Wu,27,https://contributors.rubyonrails.org/contributors/fred-wu/commits
Shugo Maeda,27,https://contributors.rubyonrails.org/contributors/shugo-maeda/commits
Aditya Chadha,26,https://contributors.rubyonrails.org/contributors/aditya-chadha/commits
Ankit Gupta,26,https://contributors.rubyonrails.org/contributors/ankit-gupta/commits
Cody Fauser,26,https://contributors.rubyonrails.org/contributors/cody-fauser/commits
Jeremy McAnally,26,https://contributors.rubyonrails.org/contributors/jeremy-mcanally/commits
Mauro George,26,https://contributors.rubyonrails.org/contributors/mauro-george/commits
OKURA Masafumi,26,https://contributors.rubyonrails.org/contributors/okura-masafumi/commits
Ricardo Díaz,26,https://contributors.rubyonrails.org/contributors/ricardo-diaz/commits
sampatbadhe,26,https://contributors.rubyonrails.org/contributors/sampatbadhe/commits
Stephen St. Martin,26,https://contributors.rubyonrails.org/contributors/stephen-st-martin/commits
Subba Rao Pasupuleti,26,https://contributors.rubyonrails.org/contributors/subba-rao-pasupuleti/commits
Viktar Basharymau,26,https://contributors.rubyonrails.org/contributors/viktar-basharymau/commits
Aidan Haran,25,https://contributors.rubyonrails.org/contributors/aidan-haran/commits
Chad Woolley,25,https://contributors.rubyonrails.org/contributors/chad-woolley/commits
Courtenay Gasking,25,https://contributors.rubyonrails.org/contributors/courtenay-gasking/commits
Florian Weber,25,https://contributors.rubyonrails.org/contributors/florian-weber/commits
Greg Molnar,25,https://contributors.rubyonrails.org/contributors/greg-molnar/commits
Joé Dupuis,25,https://contributors.rubyonrails.org/contributors/joe-dupuis/commits
Sunny Ripert,25,https://contributors.rubyonrails.org/contributors/sunny-ripert/commits
Teng Siong Ong,25,https://contributors.rubyonrails.org/contributors/teng-siong-ong/commits
Thiago Pinto,25,https://contributors.rubyonrails.org/contributors/thiago-pinto/commits
Vishal Telangre,25,https://contributors.rubyonrails.org/contributors/vishal-telangre/commits
Blair Zajac,24,https://contributors.rubyonrails.org/contributors/blair-zajac/commits
Brian Durand,24,https://contributors.rubyonrails.org/contributors/brian-durand/commits
Francis Go,24,https://contributors.rubyonrails.org/contributors/francis-go/commits
Gabe da Silveira,24,https://contributors.rubyonrails.org/contributors/gabe-da-silveira/commits
Grey Baker,24,https://contributors.rubyonrails.org/contributors/grey-baker/commits
Jay Hayes,24,https://contributors.rubyonrails.org/contributors/jay-hayes/commits
Junichi Sato,24,https://contributors.rubyonrails.org/contributors/junichi-sato/commits
Lorenzo Zabot,24,https://contributors.rubyonrails.org/contributors/lorenzo-zabot/commits
Matheus Richard,24,https://contributors.rubyonrails.org/contributors/matheus-richard/commits
Rajarshi Das,24,https://contributors.rubyonrails.org/contributors/rajarshi-das/commits
Tom Stuart,24,https://contributors.rubyonrails.org/contributors/tom-stuart/commits
Alexey Muranov,23,https://contributors.rubyonrails.org/contributors/alexey-muranov/commits
Benjamin Fleischer,23,https://contributors.rubyonrails.org/contributors/benjamin-fleischer/commits
Chad Fowler,23,https://contributors.rubyonrails.org/contributors/chad-fowler/commits
Chedli Bourguiba,23,https://contributors.rubyonrails.org/contributors/chedli-bourguiba/commits
Jan De Poorter,23,https://contributors.rubyonrails.org/contributors/jan-de-poorter/commits
Joel Hawksley,23,https://contributors.rubyonrails.org/contributors/joel-hawksley/commits
John Pignata,23,https://contributors.rubyonrails.org/contributors/john-pignata/commits
Katrina Owen,23,https://contributors.rubyonrails.org/contributors/katrina-owen/commits
Kent Sibilev,23,https://contributors.rubyonrails.org/contributors/kent-sibilev/commits
Michael Schuerig,23,https://contributors.rubyonrails.org/contributors/michael-schuerig/commits
Mohammad Typaldos,23,https://contributors.rubyonrails.org/contributors/mohammad-typaldos/commits
Paarth Madan,23,https://contributors.rubyonrails.org/contributors/paarth-madan/commits
Pablo Torres,23,https://contributors.rubyonrails.org/contributors/pablo-torres/commits
Rajinder Yadav,23,https://contributors.rubyonrails.org/contributors/rajinder-yadav/commits
Alkesh Ghorpade,22,https://contributors.rubyonrails.org/contributors/alkesh-ghorpade/commits
Ben Sheldon,22,https://contributors.rubyonrails.org/contributors/ben-sheldon/commits
Caio Chassot,22,https://contributors.rubyonrails.org/contributors/caio-chassot/commits
Egor Homakov,22,https://contributors.rubyonrails.org/contributors/egor-homakov/commits
Harriet Oughton,22,https://contributors.rubyonrails.org/contributors/harriet-oughton/commits
Harshad Sabne,22,https://contributors.rubyonrails.org/contributors/harshad-sabne/commits
HParker,22,https://contributors.rubyonrails.org/contributors/hparker/commits
Michael Hutchinson,22,https://contributors.rubyonrails.org/contributors/michael-hutchinson/commits
Nicholas La Roux,22,https://contributors.rubyonrails.org/contributors/nicholas-la-roux/commits
Olivier Lacan,22,https://contributors.rubyonrails.org/contributors/olivier-lacan/commits
Alexey Gaziev,21,https://contributors.rubyonrails.org/contributors/alexey-gaziev/commits
Anupam Choudhury,21,https://contributors.rubyonrails.org/contributors/anupam-choudhury/commits
Ben Toews,21,https://contributors.rubyonrails.org/contributors/ben-toews/commits
Cliff Pruitt,21,https://contributors.rubyonrails.org/contributors/cliff-pruitt/commits
Derek Prior,21,https://contributors.rubyonrails.org/contributors/derek-prior/commits
Dmitry Polushkin,21,https://contributors.rubyonrails.org/contributors/dmitry-polushkin/commits
George Ogata,21,https://contributors.rubyonrails.org/contributors/george-ogata/commits
Janko Marohnić,21,https://contributors.rubyonrails.org/contributors/janko-marohnic/commits
Kassio Borges,21,https://contributors.rubyonrails.org/contributors/kassio-borges/commits
Keenan Brock,21,https://contributors.rubyonrails.org/contributors/keenan-brock/commits
Murray Steele,21,https://contributors.rubyonrails.org/contributors/murray-steele/commits
Paul McMahon,21,https://contributors.rubyonrails.org/contributors/paul-mcmahon/commits
Ryan Bates,21,https://contributors.rubyonrails.org/contributors/ryan-bates/commits
Sam Saffron,21,https://contributors.rubyonrails.org/contributors/sam-saffron/commits
Sam Umbach,21,https://contributors.rubyonrails.org/contributors/sam-umbach/commits
Tekin Suleyman,21,https://contributors.rubyonrails.org/contributors/tekin-suleyman/commits
Yoshiyuki Kinjo,21,https://contributors.rubyonrails.org/contributors/yoshiyuki-kinjo/commits
Evan Farrar,20,https://contributors.rubyonrails.org/contributors/evan-farrar/commits
Jeff Kreeftmeijer,20,https://contributors.rubyonrails.org/contributors/jeff-kreeftmeijer/commits
Marcelo Silveira,20,https://contributors.rubyonrails.org/contributors/marcelo-silveira/commits
Matt Aimonetti,20,https://contributors.rubyonrails.org/contributors/matt-aimonetti/commits
Mohit Natoo,20,https://contributors.rubyonrails.org/contributors/mohit-natoo/commits
Nihad Abbasov,20,https://contributors.rubyonrails.org/contributors/nihad-abbasov/commits
Orhan Toy,20,https://contributors.rubyonrails.org/contributors/orhan-toy/commits
Rafael Magana,20,https://contributors.rubyonrails.org/contributors/rafael-magana/commits
Simon Perepelitsa,20,https://contributors.rubyonrails.org/contributors/simon-perepelitsa/commits
Takehiro Adachi,20,https://contributors.rubyonrails.org/contributors/takehiro-adachi/commits
Andy Lindeman,19,https://contributors.rubyonrails.org/contributors/andy-lindeman/commits
Anil Wadghule,19,https://contributors.rubyonrails.org/contributors/anil-wadghule/commits
Dan Kubb,19,https://contributors.rubyonrails.org/contributors/dan-kubb/commits
Donal McBreen,19,https://contributors.rubyonrails.org/contributors/donal-mcbreen/commits
Erich Menge,19,https://contributors.rubyonrails.org/contributors/erich-menge/commits
Erol Fornoles,19,https://contributors.rubyonrails.org/contributors/erol-fornoles/commits
James Mead,19,https://contributors.rubyonrails.org/contributors/james-mead/commits
Michael Hagar,19,https://contributors.rubyonrails.org/contributors/michael-hagar/commits
Rahul P. Chaudhari,19,https://contributors.rubyonrails.org/contributors/rahul-p-chaudhari/commits
Rodrigo Rosenfeld Rosas,19,https://contributors.rubyonrails.org/contributors/rodrigo-rosenfeld-rosas/commits
Tim Wade,19,https://contributors.rubyonrails.org/contributors/tim-wade/commits
Yaroslav Markin,19,https://contributors.rubyonrails.org/contributors/yaroslav-markin/commits
Cody Cutrer,18,https://contributors.rubyonrails.org/contributors/cody-cutrer/commits
David Rodríguez,18,https://contributors.rubyonrails.org/contributors/david-rodriguez/commits
Dmitriy Kiriyenko,18,https://contributors.rubyonrails.org/contributors/dmitriy-kiriyenko/commits
François Beausoleil,18,https://contributors.rubyonrails.org/contributors/francois-beausoleil/commits
Grant Hutchins,18,https://contributors.rubyonrails.org/contributors/grant-hutchins/commits
Jacob Herrington,18,https://contributors.rubyonrails.org/contributors/jacob-herrington/commits
Jamie van Dyke,18,https://contributors.rubyonrails.org/contributors/jamie-van-dyke/commits
Jared Beck,18,https://contributors.rubyonrails.org/contributors/jared-beck/commits
Mark Rushakoff,18,https://contributors.rubyonrails.org/contributors/mark-rushakoff/commits
Pat Allan,18,https://contributors.rubyonrails.org/contributors/pat-allan/commits
Sammy Larbi,18,https://contributors.rubyonrails.org/contributors/sammy-larbi/commits
Sean Collins,18,https://contributors.rubyonrails.org/contributors/sean-collins/commits
Stephen Margheim,18,https://contributors.rubyonrails.org/contributors/stephen-margheim/commits
Steven Harman,18,https://contributors.rubyonrails.org/contributors/steven-harman/commits
Tsukuru Tanimichi,18,https://contributors.rubyonrails.org/contributors/tsukuru-tanimichi/commits
Abhishek Jain,17,https://contributors.rubyonrails.org/contributors/abhishek-jain/commits
Adam Hess,17,https://contributors.rubyonrails.org/contributors/adam-hess/commits
Alex Robbin,17,https://contributors.rubyonrails.org/contributors/alex-robbin/commits
Alvaro Pereyra,17,https://contributors.rubyonrails.org/contributors/alvaro-pereyra/commits
Aman Gupta,17,https://contributors.rubyonrails.org/contributors/aman-gupta/commits
Andrey Deryabin,17,https://contributors.rubyonrails.org/contributors/andrey-deryabin/commits
Andrey Sobolev,17,https://contributors.rubyonrails.org/contributors/andrey-sobolev/commits
Breno Gazzola,17,https://contributors.rubyonrails.org/contributors/breno-gazzola/commits
Chris O'Sullivan,17,https://contributors.rubyonrails.org/contributors/chris-o-sullivan/commits
Christos Zisopoulos,17,https://contributors.rubyonrails.org/contributors/christos-zisopoulos/commits
Dan Manges,17,https://contributors.rubyonrails.org/contributors/dan-manges/commits
Dorian Marié,17,https://contributors.rubyonrails.org/contributors/dorian-marie/commits
Jakub Kuźma,17,https://contributors.rubyonrails.org/contributors/jakub-kuzma/commits
James Adam,17,https://contributors.rubyonrails.org/contributors/james-adam/commits
José Ignacio Costa,17,https://contributors.rubyonrails.org/contributors/jose-ignacio-costa/commits
Josiah Ivey,17,https://contributors.rubyonrails.org/contributors/josiah-ivey/commits
Krekoten' Marjan,17,https://contributors.rubyonrails.org/contributors/krekoten-marjan/commits
Michael Klishin,17,https://contributors.rubyonrails.org/contributors/michael-klishin/commits
Rosa Gutierrez,17,https://contributors.rubyonrails.org/contributors/rosa-gutierrez/commits
Shia,17,https://contributors.rubyonrails.org/contributors/shia/commits
Steve Polito,17,https://contributors.rubyonrails.org/contributors/steve-polito/commits
Tamir Duberstein,17,https://contributors.rubyonrails.org/contributors/tamir-duberstein/commits
Adam Hawkins,16,https://contributors.rubyonrails.org/contributors/adam-hawkins/commits
Aditya Pandit,16,https://contributors.rubyonrails.org/contributors/aditya-pandit/commits
Akshay Birajdar,16,https://contributors.rubyonrails.org/contributors/akshay-birajdar/commits
Aliaksey Kandratsenka,16,https://contributors.rubyonrails.org/contributors/aliaksey-kandratsenka/commits
André Luis Leal Cardoso Junior,16,https://contributors.rubyonrails.org/contributors/andre-luis-leal-cardoso-junior/commits
Arturo Pie,16,https://contributors.rubyonrails.org/contributors/arturo-pie/commits
Brandon Keepers,16,https://contributors.rubyonrails.org/contributors/brandon-keepers/commits
Brian Donovan,16,https://contributors.rubyonrails.org/contributors/brian-donovan/commits
Chris McGrath,16,https://contributors.rubyonrails.org/contributors/chris-mcgrath/commits
Dinah Shi,16,https://contributors.rubyonrails.org/contributors/dinah-shi/commits
Iain Beeston,16,https://contributors.rubyonrails.org/contributors/iain-beeston/commits
Jeroen van Dijk,16,https://contributors.rubyonrails.org/contributors/jeroen-van-dijk/commits
Joseph Pecoraro,16,https://contributors.rubyonrails.org/contributors/joseph-pecoraro/commits
Marcelo Giorgi,16,https://contributors.rubyonrails.org/contributors/marcelo-giorgi/commits
Martin Emde,16,https://contributors.rubyonrails.org/contributors/martin-emde/commits
Melanie Gilman,16,https://contributors.rubyonrails.org/contributors/melanie-gilman/commits
Michael Galero,16,https://contributors.rubyonrails.org/contributors/michael-galero/commits
Samuel Cochran,16,https://contributors.rubyonrails.org/contributors/samuel-cochran/commits
Terence Lee,16,https://contributors.rubyonrails.org/contributors/terence-lee/commits
Tom Lea,16,https://contributors.rubyonrails.org/contributors/tom-lea/commits
Aditya Bhutani,15,https://contributors.rubyonrails.org/contributors/aditya-bhutani/commits
Alexander Uvarov,15,https://contributors.rubyonrails.org/contributors/alexander-uvarov/commits
Andrey Novikov,15,https://contributors.rubyonrails.org/contributors/andrey-novikov/commits
Anuj Dutta,15,https://contributors.rubyonrails.org/contributors/anuj-dutta/commits
Ashik Salman,15,https://contributors.rubyonrails.org/contributors/ashik-salman/commits
Carlos Galdino,15,https://contributors.rubyonrails.org/contributors/carlos-galdino/commits
Chris Eppstein,15,https://contributors.rubyonrails.org/contributors/chris-eppstein/commits
Christopher Meiklejohn,15,https://contributors.rubyonrails.org/contributors/christopher-meiklejohn/commits
Dan Gebhardt,15,https://contributors.rubyonrails.org/contributors/dan-gebhardt/commits
David Lee,15,https://contributors.rubyonrails.org/contributors/david-lee/commits
Gabriel Horner,15,https://contributors.rubyonrails.org/contributors/gabriel-horner/commits
Iain Hecker,15,https://contributors.rubyonrails.org/contributors/iain-hecker/commits
Jack McCracken,15,https://contributors.rubyonrails.org/contributors/jack-mccracken/commits
James Coleman,15,https://contributors.rubyonrails.org/contributors/james-coleman/commits
Jeremy Evans,15,https://contributors.rubyonrails.org/contributors/jeremy-evans/commits
John Athayde,15,https://contributors.rubyonrails.org/contributors/john-athayde/commits
John Barnette,15,https://contributors.rubyonrails.org/contributors/john-barnette/commits
Josep M. Bach,15,https://contributors.rubyonrails.org/contributors/josep-m-bach/commits
Julian Tarkhanov,15,https://contributors.rubyonrails.org/contributors/julian-tarkhanov/commits
maiha,15,https://contributors.rubyonrails.org/contributors/maiha/commits
Marcin Olichwirowicz,15,https://contributors.rubyonrails.org/contributors/marcin-olichwirowicz/commits
Matthew Rudy Jacobs,15,https://contributors.rubyonrails.org/contributors/matthew-rudy-jacobs/commits
Maxime Réty,15,https://contributors.rubyonrails.org/contributors/maxime-rety/commits
Norbert Crombach,15,https://contributors.rubyonrails.org/contributors/norbert-crombach/commits
Olek Janiszewski,15,https://contributors.rubyonrails.org/contributors/olek-janiszewski/commits
Pavel Pravosud,15,https://contributors.rubyonrails.org/contributors/pavel-pravosud/commits
Rich Collins,15,https://contributors.rubyonrails.org/contributors/rich-collins/commits
Robby Russell,15,https://contributors.rubyonrails.org/contributors/robby-russell/commits
R.T. Lechow,15,https://contributors.rubyonrails.org/contributors/r-t-lechow/commits
Takuya Noguchi,15,https://contributors.rubyonrails.org/contributors/takuya-noguchi/commits
akihiro17,14,https://contributors.rubyonrails.org/contributors/akihiro17/commits
Amanda Perino,14,https://contributors.rubyonrails.org/contributors/amanda-perino/commits
Annie-Claude Côté,14,https://contributors.rubyonrails.org/contributors/annie-claude-cote/commits
Benoit Daloze,14,https://contributors.rubyonrails.org/contributors/benoit-daloze/commits
David Stosik,14,https://contributors.rubyonrails.org/contributors/david-stosik/commits
Eddie Lebow,14,https://contributors.rubyonrails.org/contributors/eddie-lebow/commits
Eliot Sykes,14,https://contributors.rubyonrails.org/contributors/eliot-sykes/commits
Emmanuel Hayford,14,https://contributors.rubyonrails.org/contributors/emmanuel-hayford/commits
Eugene Gilburg,14,https://contributors.rubyonrails.org/contributors/eugene-gilburg/commits
Eugene Pimenov,14,https://contributors.rubyonrails.org/contributors/eugene-pimenov/commits
Gabriel Sobrinho,14,https://contributors.rubyonrails.org/contributors/gabriel-sobrinho/commits
Guilherme Mansur,14,https://contributors.rubyonrails.org/contributors/guilherme-mansur/commits
Harsh Deep,14,https://contributors.rubyonrails.org/contributors/harsh-deep/commits
Jan Habermann,14,https://contributors.rubyonrails.org/contributors/jan-habermann/commits
Jarkko Laine,14,https://contributors.rubyonrails.org/contributors/jarkko-laine/commits
Javier Vidal,14,https://contributors.rubyonrails.org/contributors/javier-vidal/commits
Kamal Fariz Mahyuddin,14,https://contributors.rubyonrails.org/contributors/kamal-fariz-mahyuddin/commits
Karel Miarka,14,https://contributors.rubyonrails.org/contributors/karel-miarka/commits
Kornelius Kalnbach,14,https://contributors.rubyonrails.org/contributors/kornelius-kalnbach/commits
Kristian Freeman,14,https://contributors.rubyonrails.org/contributors/kristian-freeman/commits
Lisa Ugray,14,https://contributors.rubyonrails.org/contributors/lisa-ugray/commits
Marc Schütz,14,https://contributors.rubyonrails.org/contributors/marc-schutz/commits
Mark Thomson,14,https://contributors.rubyonrails.org/contributors/mark-thomson/commits
Max Melentiev,14,https://contributors.rubyonrails.org/contributors/max-melentiev/commits
Michael Coyne,14,https://contributors.rubyonrails.org/contributors/michael-coyne/commits
Mike Breen,14,https://contributors.rubyonrails.org/contributors/mike-breen/commits
Nate Berkopec,14,https://contributors.rubyonrails.org/contributors/nate-berkopec/commits
Nik Wakelin,14,https://contributors.rubyonrails.org/contributors/nik-wakelin/commits
Peter Suschlik,14,https://contributors.rubyonrails.org/contributors/peter-suschlik/commits
Peter Zhu,14,https://contributors.rubyonrails.org/contributors/peter-zhu/commits
Robert Pankowecki,14,https://contributors.rubyonrails.org/contributors/robert-pankowecki/commits
Ryan Tomayko,14,https://contributors.rubyonrails.org/contributors/ryan-tomayko/commits
Takashi Kokubun,14,https://contributors.rubyonrails.org/contributors/takashi-kokubun/commits
Tieg Zaharia,14,https://contributors.rubyonrails.org/contributors/tieg-zaharia/commits
Tom Hoefer,14,https://contributors.rubyonrails.org/contributors/tom-hoefer/commits
Tony Miller,14,https://contributors.rubyonrails.org/contributors/tony-miller/commits
Wincent Colaiuta,14,https://contributors.rubyonrails.org/contributors/wincent-colaiuta/commits
a5-stable,13,https://contributors.rubyonrails.org/contributors/a5-stable/commits
Aleksey Magusev,13,https://contributors.rubyonrails.org/contributors/aleksey-magusev/commits
Alexandre Ruban,13,https://contributors.rubyonrails.org/contributors/alexandre-ruban/commits
Andrey Molchanov,13,https://contributors.rubyonrails.org/contributors/andrey-molchanov/commits
Brian Christian,13,https://contributors.rubyonrails.org/contributors/brian-christian/commits
Brian Morearty,13,https://contributors.rubyonrails.org/contributors/brian-morearty/commits
Cesar Carruitero,13,https://contributors.rubyonrails.org/contributors/cesar-carruitero/commits
Charles Oliver Nutter,13,https://contributors.rubyonrails.org/contributors/charles-oliver-nutter/commits
Christian Schmidt,13,https://contributors.rubyonrails.org/contributors/christian-schmidt/commits
Dalibor Nasevic,13,https://contributors.rubyonrails.org/contributors/dalibor-nasevic/commits
Dave Powers,13,https://contributors.rubyonrails.org/contributors/dave-powers/commits
Dirkjan Bussink,13,https://contributors.rubyonrails.org/contributors/dirkjan-bussink/commits
Federico Ravasio,13,https://contributors.rubyonrails.org/contributors/federico-ravasio/commits
Ganesh Kumar,13,https://contributors.rubyonrails.org/contributors/ganesh-kumar/commits
Gaston Ramos,13,https://contributors.rubyonrails.org/contributors/gaston-ramos/commits
Hooopo Wang,13,https://contributors.rubyonrails.org/contributors/hooopo-wang/commits
Hugo Peixoto,13,https://contributors.rubyonrails.org/contributors/hugo-peixoto/commits
Johan Sørensen,13,https://contributors.rubyonrails.org/contributors/johan-sorensen/commits
Jo Liss,13,https://contributors.rubyonrails.org/contributors/jo-liss/commits
Manuel Menezes de Sequeira,13,https://contributors.rubyonrails.org/contributors/manuel-menezes-de-sequeira/commits
Maxime Lapointe,13,https://contributors.rubyonrails.org/contributors/maxime-lapointe/commits
Michael Pearson,13,https://contributors.rubyonrails.org/contributors/michael-pearson/commits
Nicholas Rowe,13,https://contributors.rubyonrails.org/contributors/nicholas-rowe/commits
Patrick Toomey,13,https://contributors.rubyonrails.org/contributors/patrick-toomey/commits
Rob Zolkos,13,https://contributors.rubyonrails.org/contributors/rob-zolkos/commits
Rolf Timmermans,13,https://contributors.rubyonrails.org/contributors/rolf-timmermans/commits
SHIBATA Hiroshi,13,https://contributors.rubyonrails.org/contributors/shibata-hiroshi/commits
Sushruth Sivaramakrishnan,13,https://contributors.rubyonrails.org/contributors/sushruth-sivaramakrishnan/commits
Victor Costan,13,https://contributors.rubyonrails.org/contributors/victor-costan/commits
Waseem Ahmad,13,https://contributors.rubyonrails.org/contributors/waseem-ahmad/commits
Washington Luiz,13,https://contributors.rubyonrails.org/contributors/washington-luiz/commits
Willem van Bergen,13,https://contributors.rubyonrails.org/contributors/willem-van-bergen/commits
Xavier Shay,13,https://contributors.rubyonrails.org/contributors/xavier-shay/commits
Akshay Mohite,12,https://contributors.rubyonrails.org/contributors/akshay-mohite/commits
Alexander Dymo,12,https://contributors.rubyonrails.org/contributors/alexander-dymo/commits
Alex Johnson,12,https://contributors.rubyonrails.org/contributors/alex-johnson/commits
Ali Ibrahim,12,https://contributors.rubyonrails.org/contributors/ali-ibrahim/commits
Ari Pollak,12,https://contributors.rubyonrails.org/contributors/ari-pollak/commits
AthonLab,12,https://contributors.rubyonrails.org/contributors/athonlab/commits
Ayrton De Craene,12,https://contributors.rubyonrails.org/contributors/ayrton-de-craene/commits
Benedikt Deicke,12,https://contributors.rubyonrails.org/contributors/benedikt-deicke/commits
Ben Scofield,12,https://contributors.rubyonrails.org/contributors/ben-scofield/commits
Charlie Somerville,12,https://contributors.rubyonrails.org/contributors/charlie-somerville/commits
Colin Curtin,12,https://contributors.rubyonrails.org/contributors/colin-curtin/commits
Connor Shea,12,https://contributors.rubyonrails.org/contributors/connor-shea/commits
Cory Gwin,12,https://contributors.rubyonrails.org/contributors/cory-gwin/commits
Dan Pickett,12,https://contributors.rubyonrails.org/contributors/dan-pickett/commits
Dave Thomas,12,https://contributors.rubyonrails.org/contributors/dave-thomas/commits
David Dollar,12,https://contributors.rubyonrails.org/contributors/david-dollar/commits
DeLynn Berry,12,https://contributors.rubyonrails.org/contributors/delynn-berry/commits
Dieter Komendera,12,https://contributors.rubyonrails.org/contributors/dieter-komendera/commits
Dillon Welch,12,https://contributors.rubyonrails.org/contributors/dillon-welch/commits
Elliot Winkler,12,https://contributors.rubyonrails.org/contributors/elliot-winkler/commits
Evan Phoenix,12,https://contributors.rubyonrails.org/contributors/evan-phoenix/commits
George Millo,12,https://contributors.rubyonrails.org/contributors/george-millo/commits
heka1024,12,https://contributors.rubyonrails.org/contributors/heka1024/commits
Hemant Kumar,12,https://contributors.rubyonrails.org/contributors/hemant-kumar/commits
Igor Zubkov,12,https://contributors.rubyonrails.org/contributors/igor-zubkov/commits
Jatinder Singh,12,https://contributors.rubyonrails.org/contributors/jatinder-singh/commits
Jeff Dutil,12,https://contributors.rubyonrails.org/contributors/jeff-dutil/commits
Joe Van Dyk,12,https://contributors.rubyonrails.org/contributors/joe-van-dyk/commits
Jose Galisteo,12,https://contributors.rubyonrails.org/contributors/jose-galisteo/commits
Juan Vasquez,12,https://contributors.rubyonrails.org/contributors/juan-vasquez/commits
Justin Ko,12,https://contributors.rubyonrails.org/contributors/justin-ko/commits
Ken Kunz,12,https://contributors.rubyonrails.org/contributors/ken-kunz/commits
Lucas Carlson,12,https://contributors.rubyonrails.org/contributors/lucas-carlson/commits
Maik Schmidt,12,https://contributors.rubyonrails.org/contributors/maik-schmidt/commits
Matt Bridges,12,https://contributors.rubyonrails.org/contributors/matt-bridges/commits
Matthew Bergman,12,https://contributors.rubyonrails.org/contributors/matthew-bergman/commits
Matthew Stopa,12,https://contributors.rubyonrails.org/contributors/matthew-stopa/commits
Matt Palmer,12,https://contributors.rubyonrails.org/contributors/matt-palmer/commits
Mike Moore,12,https://contributors.rubyonrails.org/contributors/mike-moore/commits
Myron Marston,12,https://contributors.rubyonrails.org/contributors/myron-marston/commits
Nick Schwaderer,12,https://contributors.rubyonrails.org/contributors/nick-schwaderer/commits
Nikita Afanasenko,12,https://contributors.rubyonrails.org/contributors/nikita-afanasenko/commits
Nobuyoshi Nakada,12,https://contributors.rubyonrails.org/contributors/nobuyoshi-nakada/commits
ojab,12,https://contributors.rubyonrails.org/contributors/ojab/commits
Peter Wagenet,12,https://contributors.rubyonrails.org/contributors/peter-wagenet/commits
Rodrigo Ramírez Norambuena,12,https://contributors.rubyonrails.org/contributors/rodrigo-ramirez-norambuena/commits
Ryan McGeary,12,https://contributors.rubyonrails.org/contributors/ryan-mcgeary/commits
Sergio,12,https://contributors.rubyonrails.org/contributors/sergio/commits
Shunsuke Aida,12,https://contributors.rubyonrails.org/contributors/shunsuke-aida/commits
Stefan Penner,12,https://contributors.rubyonrails.org/contributors/stefan-penner/commits
Willian Gustavo Veiga,12,https://contributors.rubyonrails.org/contributors/willian-gustavo-veiga/commits
Aaron Pfeifer,11,https://contributors.rubyonrails.org/contributors/aaron-pfeifer/commits
Assain,11,https://contributors.rubyonrails.org/contributors/assain/commits
Ben Sandofsky,11,https://contributors.rubyonrails.org/contributors/ben-sandofsky/commits
Brad Ediger,11,https://contributors.rubyonrails.org/contributors/brad-ediger/commits
Bradford Folkens,11,https://contributors.rubyonrails.org/contributors/bradford-folkens/commits
Dan Peterson,11,https://contributors.rubyonrails.org/contributors/dan-peterson/commits
David Celis,11,https://contributors.rubyonrails.org/contributors/david-celis/commits
Deepak Mahakale,11,https://contributors.rubyonrails.org/contributors/deepak-mahakale/commits
Douwe Maan,11,https://contributors.rubyonrails.org/contributors/douwe-maan/commits
Eric Hodel,11,https://contributors.rubyonrails.org/contributors/eric-hodel/commits
Jakob Skjerning,11,https://contributors.rubyonrails.org/contributors/jakob-skjerning/commits
James Le Cuirot,11,https://contributors.rubyonrails.org/contributors/james-le-cuirot/commits
Jean-François Labbé,11,https://contributors.rubyonrails.org/contributors/jean-francois-labbe/commits
Jeremy Walker,11,https://contributors.rubyonrails.org/contributors/jeremy-walker/commits
Jonathan Rochkind,11,https://contributors.rubyonrails.org/contributors/jonathan-rochkind/commits
Justin Coyne,11,https://contributors.rubyonrails.org/contributors/justin-coyne/commits
Lewis Buckley,11,https://contributors.rubyonrails.org/contributors/lewis-buckley/commits
Mark Daggett,11,https://contributors.rubyonrails.org/contributors/mark-daggett/commits
Markov Alexey,11,https://contributors.rubyonrails.org/contributors/markov-alexey/commits
Mark Turner,11,https://contributors.rubyonrails.org/contributors/mark-turner/commits
Nick Quaranto,11,https://contributors.rubyonrails.org/contributors/nick-quaranto/commits
Paul Sadauskas,11,https://contributors.rubyonrails.org/contributors/paul-sadauskas/commits
Robert Speicher,11,https://contributors.rubyonrails.org/contributors/robert-speicher/commits
Rob Sanheim,11,https://contributors.rubyonrails.org/contributors/rob-sanheim/commits
Ryo Hashimoto,11,https://contributors.rubyonrails.org/contributors/ryo-hashimoto/commits
Sam Granieri,11,https://contributors.rubyonrails.org/contributors/sam-granieri/commits
Sergey Alekseev,11,https://contributors.rubyonrails.org/contributors/sergey-alekseev/commits
Takumasa Ochi,11,https://contributors.rubyonrails.org/contributors/takumasa-ochi/commits
akinomaeni,10,https://contributors.rubyonrails.org/contributors/akinomaeni/commits
"Aldo ""xoen"" Giambelluca",10,https://contributors.rubyonrails.org/contributors/aldo-xoen-giambelluca/commits
Alexander Staubo,10,https://contributors.rubyonrails.org/contributors/alexander-staubo/commits
Alex Tambellini,10,https://contributors.rubyonrails.org/contributors/alex-tambellini/commits
Anton Cherepanov,10,https://contributors.rubyonrails.org/contributors/anton-cherepanov/commits
Anton Rieder,10,https://contributors.rubyonrails.org/contributors/anton-rieder/commits
Asherah Connor,10,https://contributors.rubyonrails.org/contributors/asherah-connor/commits
Attila Domokos,10,https://contributors.rubyonrails.org/contributors/attila-domokos/commits
Benoit Tigeot,10,https://contributors.rubyonrails.org/contributors/benoit-tigeot/commits
Bratish Goswami,10,https://contributors.rubyonrails.org/contributors/bratish-goswami/commits
Brooks Reese,10,https://contributors.rubyonrails.org/contributors/brooks-reese/commits
Carson McDonald,10,https://contributors.rubyonrails.org/contributors/carson-mcdonald/commits
Chris Hapgood,10,https://contributors.rubyonrails.org/contributors/chris-hapgood/commits
Collin Jilbert,10,https://contributors.rubyonrails.org/contributors/collin-jilbert/commits
Dominic Cleal,10,https://contributors.rubyonrails.org/contributors/dominic-cleal/commits
Edgars Beigarts,10,https://contributors.rubyonrails.org/contributors/edgars-beigarts/commits
Eduardo Cavazos,10,https://contributors.rubyonrails.org/contributors/eduardo-cavazos/commits
Espartaco Palma,10,https://contributors.rubyonrails.org/contributors/espartaco-palma/commits
Evgeniy Dolzhenko,10,https://contributors.rubyonrails.org/contributors/evgeniy-dolzhenko/commits
Florent Guilleux,10,https://contributors.rubyonrails.org/contributors/florent-guilleux/commits
Gert Goet,10,https://contributors.rubyonrails.org/contributors/gert-goet/commits
Jake Worth,10,https://contributors.rubyonrails.org/contributors/jake-worth/commits
Jan Xie,10,https://contributors.rubyonrails.org/contributors/jan-xie/commits
Jason Meller,10,https://contributors.rubyonrails.org/contributors/jason-meller/commits
Jiri Pospisil,10,https://contributors.rubyonrails.org/contributors/jiri-pospisil/commits
John Mileham,10,https://contributors.rubyonrails.org/contributors/john-mileham/commits
Jon Dufresne,10,https://contributors.rubyonrails.org/contributors/jon-dufresne/commits
Josua Schmid,10,https://contributors.rubyonrails.org/contributors/josua-schmid/commits
Jun Jiang,10,https://contributors.rubyonrails.org/contributors/jun-jiang/commits
Kohei Suzuki,10,https://contributors.rubyonrails.org/contributors/kohei-suzuki/commits
Larry Lv,10,https://contributors.rubyonrails.org/contributors/larry-lv/commits
Lee Quarella,10,https://contributors.rubyonrails.org/contributors/lee-quarella/commits
Malcolm Locke,10,https://contributors.rubyonrails.org/contributors/malcolm-locke/commits
Marcin Raczkowski,10,https://contributors.rubyonrails.org/contributors/marcin-raczkowski/commits
Marc Rendl Ignacio,10,https://contributors.rubyonrails.org/contributors/marc-rendl-ignacio/commits
Max Lapshin,10,https://contributors.rubyonrails.org/contributors/max-lapshin/commits
Michael de Silva,10,https://contributors.rubyonrails.org/contributors/michael-de-silva/commits
Michael Lavrisha,10,https://contributors.rubyonrails.org/contributors/michael-lavrisha/commits
Mike Gehard,10,https://contributors.rubyonrails.org/contributors/mike-gehard/commits
Miklós Fazekas,10,https://contributors.rubyonrails.org/contributors/miklos-fazekas/commits
Petra Jaros,10,https://contributors.rubyonrails.org/contributors/petra-jaros/commits
Rishi Jain,10,https://contributors.rubyonrails.org/contributors/rishi-jain/commits
Rodrigo Navarro,10,https://contributors.rubyonrails.org/contributors/rodrigo-navarro/commits
Russell Norris,10,https://contributors.rubyonrails.org/contributors/russell-norris/commits
Ruy Asan,10,https://contributors.rubyonrails.org/contributors/ruy-asan/commits
Scott Reilly,10,https://contributors.rubyonrails.org/contributors/scott-reilly/commits
Sergey Prikhodko,10,https://contributors.rubyonrails.org/contributors/sergey-prikhodko/commits
Shailesh Kalamkar,10,https://contributors.rubyonrails.org/contributors/shailesh-kalamkar/commits
Simon Jefford,10,https://contributors.rubyonrails.org/contributors/simon-jefford/commits
Steven Soroka,10,https://contributors.rubyonrails.org/contributors/steven-soroka/commits
Steven Yang,10,https://contributors.rubyonrails.org/contributors/steven-yang/commits
Szymon Nowak,10,https://contributors.rubyonrails.org/contributors/szymon-nowak/commits
Taryn East,10,https://contributors.rubyonrails.org/contributors/taryn-east/commits
Tasos Latsas,10,https://contributors.rubyonrails.org/contributors/tasos-latsas/commits
Tim Bates,10,https://contributors.rubyonrails.org/contributors/tim-bates/commits
Tim Connor,10,https://contributors.rubyonrails.org/contributors/tim-connor/commits
Tim Masliuchenko,10,https://contributors.rubyonrails.org/contributors/tim-masliuchenko/commits
Timo Schilling,10,https://contributors.rubyonrails.org/contributors/timo-schilling/commits
Ufuk Kayserilioglu,10,https://contributors.rubyonrails.org/contributors/ufuk-kayserilioglu/commits
Weston Platter,10,https://contributors.rubyonrails.org/contributors/weston-platter/commits
Yutaka Kamei,10,https://contributors.rubyonrails.org/contributors/yutaka-kamei/commits
Adam Meehan,9,https://contributors.rubyonrails.org/contributors/adam-meehan/commits
Alisdair McDiarmid,9,https://contributors.rubyonrails.org/contributors/alisdair-mcdiarmid/commits
Andy Waite,9,https://contributors.rubyonrails.org/contributors/andy-waite/commits
Bernard Potocki,9,https://contributors.rubyonrails.org/contributors/bernard-potocki/commits
Cadu Ribeiro,9,https://contributors.rubyonrails.org/contributors/cadu-ribeiro/commits
Craig Davey,9,https://contributors.rubyonrails.org/contributors/craig-davey/commits
Dan Croak,9,https://contributors.rubyonrails.org/contributors/dan-croak/commits
Daniel Guettler,9,https://contributors.rubyonrails.org/contributors/daniel-guettler/commits
David Calavera,9,https://contributors.rubyonrails.org/contributors/david-calavera/commits
David Trasbo,9,https://contributors.rubyonrails.org/contributors/david-trasbo/commits
Denis Odorcic,9,https://contributors.rubyonrails.org/contributors/denis-odorcic/commits
Dharam Gollapudi,9,https://contributors.rubyonrails.org/contributors/dharam-gollapudi/commits
Edward Tsech,9,https://contributors.rubyonrails.org/contributors/edward-tsech/commits
Esad Hajdarevic,9,https://contributors.rubyonrails.org/contributors/esad-hajdarevic/commits
Heiko Webers,9,https://contributors.rubyonrails.org/contributors/heiko-webers/commits
hnatt,9,https://contributors.rubyonrails.org/contributors/hnatt/commits
Jason Lee,9,https://contributors.rubyonrails.org/contributors/jason-lee/commits
Jeremy Voorhis,9,https://contributors.rubyonrails.org/contributors/jeremy-voorhis/commits
Jesse Storimer,9,https://contributors.rubyonrails.org/contributors/jesse-storimer/commits
Jon Rowe,9,https://contributors.rubyonrails.org/contributors/jon-rowe/commits
Josh Goodall,9,https://contributors.rubyonrails.org/contributors/josh-goodall/commits
Karol Bucek,9,https://contributors.rubyonrails.org/contributors/karol-bucek/commits
Lars Pind,9,https://contributors.rubyonrails.org/contributors/lars-pind/commits
Louis-Michel Couture,9,https://contributors.rubyonrails.org/contributors/louis-michel-couture/commits
Lucas Catón,9,https://contributors.rubyonrails.org/contributors/lucas-caton/commits
Luismi Cavallé,9,https://contributors.rubyonrails.org/contributors/luismi-cavalle/commits
Marc Love,9,https://contributors.rubyonrails.org/contributors/marc-love/commits
Mark McSpadden,9,https://contributors.rubyonrails.org/contributors/mark-mcspadden/commits
Markus Doits,9,https://contributors.rubyonrails.org/contributors/markus-doits/commits
Mark Van Holstyn,9,https://contributors.rubyonrails.org/contributors/mark-van-holstyn/commits
Masataka Pocke Kuwabara,9,https://contributors.rubyonrails.org/contributors/masataka-pocke-kuwabara/commits
Mike Naberezny,9,https://contributors.rubyonrails.org/contributors/mike-naberezny/commits
Nathan Weizenbaum,9,https://contributors.rubyonrails.org/contributors/nathan-weizenbaum/commits
Nicholas Stuart,9,https://contributors.rubyonrails.org/contributors/nicholas-stuart/commits
Nishant Modak,9,https://contributors.rubyonrails.org/contributors/nishant-modak/commits
Nixon,9,https://contributors.rubyonrails.org/contributors/nixon/commits
Oge Nnadi,9,https://contributors.rubyonrails.org/contributors/oge-nnadi/commits
Ole Friis Østergaard,9,https://contributors.rubyonrails.org/contributors/ole-friis-ostergaard/commits
Olli Rissanen,9,https://contributors.rubyonrails.org/contributors/olli-rissanen/commits
Pablo Herrero,9,https://contributors.rubyonrails.org/contributors/pablo-herrero/commits
Paul Gallagher,9,https://contributors.rubyonrails.org/contributors/paul-gallagher/commits
Ryan Lue,9,https://contributors.rubyonrails.org/contributors/ryan-lue/commits
sam,9,https://contributors.rubyonrails.org/contributors/sam/commits
Sandip Ransing,9,https://contributors.rubyonrails.org/contributors/sandip-ransing/commits
Scott Baron,9,https://contributors.rubyonrails.org/contributors/scott-baron/commits
Scott Bronson,9,https://contributors.rubyonrails.org/contributors/scott-bronson/commits
Sebastian Kanthak,9,https://contributors.rubyonrails.org/contributors/sebastian-kanthak/commits
Sergey Parizhskiy,9,https://contributors.rubyonrails.org/contributors/sergey-parizhskiy/commits
Shivam Chahar,9,https://contributors.rubyonrails.org/contributors/shivam-chahar/commits
Stephen Celis,9,https://contributors.rubyonrails.org/contributors/stephen-celis/commits
Steven Bristol,9,https://contributors.rubyonrails.org/contributors/steven-bristol/commits
Steve Purcell,9,https://contributors.rubyonrails.org/contributors/steve-purcell/commits
Thomas R. Koll,9,https://contributors.rubyonrails.org/contributors/thomas-r-koll/commits
Trent Ogren,9,https://contributors.rubyonrails.org/contributors/trent-ogren/commits
Tsutomu Kuroda,9,https://contributors.rubyonrails.org/contributors/tsutomu-kuroda/commits
Will Jessop,9,https://contributors.rubyonrails.org/contributors/will-jessop/commits
Yoong Kang Lim,9,https://contributors.rubyonrails.org/contributors/yoong-kang-lim/commits
Zack,9,https://contributors.rubyonrails.org/contributors/zack/commits
Adrien Lamothe,8,https://contributors.rubyonrails.org/contributors/adrien-lamothe/commits
Akshay Khole,8,https://contributors.rubyonrails.org/contributors/akshay-khole/commits
Alexey Zatsepin,8,https://contributors.rubyonrails.org/contributors/alexey-zatsepin/commits
Amparo Luna,8,https://contributors.rubyonrails.org/contributors/amparo-luna/commits
Andrés Mejía,8,https://contributors.rubyonrails.org/contributors/andres-mejia/commits
Andrew Ferk,8,https://contributors.rubyonrails.org/contributors/andrew-ferk/commits
Andrew Grim,8,https://contributors.rubyonrails.org/contributors/andrew-grim/commits
Avi Tzurel,8,https://contributors.rubyonrails.org/contributors/avi-tzurel/commits
Caleb Hearth,8,https://contributors.rubyonrails.org/contributors/caleb-hearth/commits
Chris Arcand,8,https://contributors.rubyonrails.org/contributors/chris-arcand/commits
Chris Griego,8,https://contributors.rubyonrails.org/contributors/chris-griego/commits
Chris Wanstrath,8,https://contributors.rubyonrails.org/contributors/chris-wanstrath/commits
Daniel Dyba,8,https://contributors.rubyonrails.org/contributors/daniel-dyba/commits
David Workman,8,https://contributors.rubyonrails.org/contributors/david-workman/commits
Dixit Patel,8,https://contributors.rubyonrails.org/contributors/dixit-patel/commits
Dr Nic Williams,8,https://contributors.rubyonrails.org/contributors/dr-nic-williams/commits
Duane Johnson,8,https://contributors.rubyonrails.org/contributors/duane-johnson/commits
Edho Arief,8,https://contributors.rubyonrails.org/contributors/edho-arief/commits
Eike Send,8,https://contributors.rubyonrails.org/contributors/eike-send/commits
Ernesto Jimenez,8,https://contributors.rubyonrails.org/contributors/ernesto-jimenez/commits
Geoffrey Roguelon,8,https://contributors.rubyonrails.org/contributors/geoffrey-roguelon/commits
Gourav Tiwari,8,https://contributors.rubyonrails.org/contributors/gourav-tiwari/commits
Henrik Hodne,8,https://contributors.rubyonrails.org/contributors/henrik-hodne/commits
Hirofumi Wakasugi,8,https://contributors.rubyonrails.org/contributors/hirofumi-wakasugi/commits
Innokenty Mikhailov,8,https://contributors.rubyonrails.org/contributors/innokenty-mikhailov/commits
Jack Dempsey,8,https://contributors.rubyonrails.org/contributors/jack-dempsey/commits
Jan Berdajs,8,https://contributors.rubyonrails.org/contributors/jan-berdajs/commits
Jeff Cohen,8,https://contributors.rubyonrails.org/contributors/jeff-cohen/commits
Jenny Shen,8,https://contributors.rubyonrails.org/contributors/jenny-shen/commits
Jess Bees,8,https://contributors.rubyonrails.org/contributors/jess-bees/commits
Jim Jones,8,https://contributors.rubyonrails.org/contributors/jim-jones/commits
John Long,8,https://contributors.rubyonrails.org/contributors/john-long/commits
Joseph Wong,8,https://contributors.rubyonrails.org/contributors/joseph-wong/commits
Joshua Cody,8,https://contributors.rubyonrails.org/contributors/joshua-cody/commits
Julian Nadeau,8,https://contributors.rubyonrails.org/contributors/julian-nadeau/commits
Justin French,8,https://contributors.rubyonrails.org/contributors/justin-french/commits
Justin George,8,https://contributors.rubyonrails.org/contributors/justin-george/commits
Karan Arora,8,https://contributors.rubyonrails.org/contributors/karan-arora/commits
Luan Vieira,8,https://contributors.rubyonrails.org/contributors/luan-vieira/commits
Martin Jaime,8,https://contributors.rubyonrails.org/contributors/martin-jaime/commits
Michael Lovitt,8,https://contributors.rubyonrails.org/contributors/michael-lovitt/commits
Miguel Grazziotin,8,https://contributors.rubyonrails.org/contributors/miguel-grazziotin/commits
Mike Laster,8,https://contributors.rubyonrails.org/contributors/mike-laster/commits
namusyaka,8,https://contributors.rubyonrails.org/contributors/namusyaka/commits
Nick Borromeo,8,https://contributors.rubyonrails.org/contributors/nick-borromeo/commits
Nick Cox,8,https://contributors.rubyonrails.org/contributors/nick-cox/commits
Nick Howard,8,https://contributors.rubyonrails.org/contributors/nick-howard/commits
Nick Pezza,8,https://contributors.rubyonrails.org/contributors/nick-pezza/commits
Nicolas Cavigneaux,8,https://contributors.rubyonrails.org/contributors/nicolas-cavigneaux/commits
ooooooo_q,8,https://contributors.rubyonrails.org/contributors/ooooooo_q/commits
Pablo Ifrán,8,https://contributors.rubyonrails.org/contributors/pablo-ifran/commits
Patrik Bóna,8,https://contributors.rubyonrails.org/contributors/patrik-bona/commits
Phil Ross,8,https://contributors.rubyonrails.org/contributors/phil-ross/commits
r7kamura,8,https://contributors.rubyonrails.org/contributors/r7kamura/commits
Radamés Roriz,8,https://contributors.rubyonrails.org/contributors/radames-roriz/commits
Raghunadh,8,https://contributors.rubyonrails.org/contributors/raghunadh/commits
Rory O’Kane,8,https://contributors.rubyonrails.org/contributors/rory-o-kane/commits
Ryan Wallace,8,https://contributors.rubyonrails.org/contributors/ryan-wallace/commits
Sean Treadway,8,https://contributors.rubyonrails.org/contributors/sean-treadway/commits
Sıtkı Bağdat,8,https://contributors.rubyonrails.org/contributors/sitki-bagdat/commits
Steve Jorgensen,8,https://contributors.rubyonrails.org/contributors/steve-jorgensen/commits
Thomas Walpole,8,https://contributors.rubyonrails.org/contributors/thomas-walpole/commits
Tim Lucas,8,https://contributors.rubyonrails.org/contributors/tim-lucas/commits
Vlado Cingel,8,https://contributors.rubyonrails.org/contributors/vlado-cingel/commits
yalab,8,https://contributors.rubyonrails.org/contributors/yalab/commits
ZENATI YASSINE,8,https://contributors.rubyonrails.org/contributors/zenati-yassine/commits
Aaron Lipman,7,https://contributors.rubyonrails.org/contributors/aaron-lipman/commits
Ahmed El-Daly,7,https://contributors.rubyonrails.org/contributors/ahmed-el-daly/commits
Ana María Martínez Gómez,7,https://contributors.rubyonrails.org/contributors/ana-maria-martinez-gomez/commits
Anand Muthukrishnan,7,https://contributors.rubyonrails.org/contributors/anand-muthukrishnan/commits
Andreas Schwarz,7,https://contributors.rubyonrails.org/contributors/andreas-schwarz/commits
Andrey Samsonov,7,https://contributors.rubyonrails.org/contributors/andrey-samsonov/commits
Anthony Navarre,7,https://contributors.rubyonrails.org/contributors/anthony-navarre/commits
Antonio Cangiano,7,https://contributors.rubyonrails.org/contributors/antonio-cangiano/commits
Anton Kalyaev,7,https://contributors.rubyonrails.org/contributors/anton-kalyaev/commits
Byron Bischoff,7,https://contributors.rubyonrails.org/contributors/byron-bischoff/commits
Caleb Buxton,7,https://contributors.rubyonrails.org/contributors/caleb-buxton/commits
Cezary Baginski,7,https://contributors.rubyonrails.org/contributors/cezary-baginski/commits
Choon Keat,7,https://contributors.rubyonrails.org/contributors/choon-keat/commits
Dave Lee,7,https://contributors.rubyonrails.org/contributors/dave-lee/commits
David A. Black,7,https://contributors.rubyonrails.org/contributors/david-a-black/commits
David Rodríguez de Dios,7,https://contributors.rubyonrails.org/contributors/david-rodriguez-de-dios/commits
David Verhasselt,7,https://contributors.rubyonrails.org/contributors/david-verhasselt/commits
Dee Zsombor,7,https://contributors.rubyonrails.org/contributors/dee-zsombor/commits
Dennis Taylor,7,https://contributors.rubyonrails.org/contributors/dennis-taylor/commits
Doug Cole,7,https://contributors.rubyonrails.org/contributors/doug-cole/commits
Elia Schito,7,https://contributors.rubyonrails.org/contributors/elia-schito/commits
Evan Machnic,7,https://contributors.rubyonrails.org/contributors/evan-machnic/commits
Frederick Ros,7,https://contributors.rubyonrails.org/contributors/frederick-ros/commits
Gary S. Weaver,7,https://contributors.rubyonrails.org/contributors/gary-s-weaver/commits
Geoff Garside,7,https://contributors.rubyonrails.org/contributors/geoff-garside/commits
George Ma,7,https://contributors.rubyonrails.org/contributors/george-ma/commits
Gregory Jones,7,https://contributors.rubyonrails.org/contributors/gregory-jones/commits
Harry Marr,7,https://contributors.rubyonrails.org/contributors/harry-marr/commits
Ian C. Anderson,7,https://contributors.rubyonrails.org/contributors/ian-c-anderson/commits
Igor Kapkov,7,https://contributors.rubyonrails.org/contributors/igor-kapkov/commits
Jaehyun Shin,7,https://contributors.rubyonrails.org/contributors/jaehyun-shin/commits
James Cox,7,https://contributors.rubyonrails.org/contributors/james-cox/commits
Jamie McCarthy,7,https://contributors.rubyonrails.org/contributors/jamie-mccarthy/commits
Jamison Dance,7,https://contributors.rubyonrails.org/contributors/jamison-dance/commits
Jason Karns,7,https://contributors.rubyonrails.org/contributors/jason-karns/commits
João Britto,7,https://contributors.rubyonrails.org/contributors/joao-britto/commits
Joel,7,https://contributors.rubyonrails.org/contributors/joel/commits
joernchen of Phenoelit,7,https://contributors.rubyonrails.org/contributors/joernchen-of-phenoelit/commits
Jonathan Baudanza,7,https://contributors.rubyonrails.org/contributors/jonathan-baudanza/commits
Jon Evans,7,https://contributors.rubyonrails.org/contributors/jon-evans/commits
Jon Wood,7,https://contributors.rubyonrails.org/contributors/jon-wood/commits
José Corcuera,7,https://contributors.rubyonrails.org/contributors/jose-corcuera/commits
J Smith,7,https://contributors.rubyonrails.org/contributors/j-smith/commits
Juan M. Cuello,7,https://contributors.rubyonrails.org/contributors/juan-m-cuello/commits
Kaíque Kandy Koga,7,https://contributors.rubyonrails.org/contributors/kaique-kandy-koga/commits
Kulbir Saini,7,https://contributors.rubyonrails.org/contributors/kulbir-saini/commits
Lance Ivy,7,https://contributors.rubyonrails.org/contributors/lance-ivy/commits
lanzhiheng,7,https://contributors.rubyonrails.org/contributors/lanzhiheng/commits
Lee Marlow,7,https://contributors.rubyonrails.org/contributors/lee-marlow/commits
Lee Reilly,7,https://contributors.rubyonrails.org/contributors/lee-reilly/commits
Leigh Caplan,7,https://contributors.rubyonrails.org/contributors/leigh-caplan/commits
Leo Correa,7,https://contributors.rubyonrails.org/contributors/leo-correa/commits
Luke Melia,7,https://contributors.rubyonrails.org/contributors/luke-melia/commits
Marten Veldthuis,7,https://contributors.rubyonrails.org/contributors/marten-veldthuis/commits
Martin Gamsjaeger,7,https://contributors.rubyonrails.org/contributors/martin-gamsjaeger/commits
Mike Howard,7,https://contributors.rubyonrails.org/contributors/mike-howard/commits
Mike Rogers,7,https://contributors.rubyonrails.org/contributors/mike-rogers/commits
Miles Georgi,7,https://contributors.rubyonrails.org/contributors/miles-georgi/commits
Nate Matykiewicz,7,https://contributors.rubyonrails.org/contributors/nate-matykiewicz/commits
Nuno Silva,7,https://contributors.rubyonrails.org/contributors/nuno-silva/commits
OuYangJinTing,7,https://contributors.rubyonrails.org/contributors/ouyangjinting/commits
Patrick Lenz,7,https://contributors.rubyonrails.org/contributors/patrick-lenz/commits
paulreece,7,https://contributors.rubyonrails.org/contributors/paulreece/commits
Peter Schröder,7,https://contributors.rubyonrails.org/contributors/peter-schroder/commits
Philippe Huibonhoa,7,https://contributors.rubyonrails.org/contributors/philippe-huibonhoa/commits
prasath,7,https://contributors.rubyonrails.org/contributors/prasath/commits
Ranjay Krishna,7,https://contributors.rubyonrails.org/contributors/ranjay-krishna/commits
Rémy Coutable,7,https://contributors.rubyonrails.org/contributors/remy-coutable/commits
Rob Anderton,7,https://contributors.rubyonrails.org/contributors/rob-anderton/commits
Robert Evans,7,https://contributors.rubyonrails.org/contributors/robert-evans/commits
Ryan T. Hosford,7,https://contributors.rubyonrails.org/contributors/ryan-t-hosford/commits
sabulikia,7,https://contributors.rubyonrails.org/contributors/sabulikia/commits
Sam Davies,7,https://contributors.rubyonrails.org/contributors/sam-davies/commits
Sam Elliott,7,https://contributors.rubyonrails.org/contributors/sam-elliott/commits
Sampat Badhe,7,https://contributors.rubyonrails.org/contributors/sampat-badhe/commits
Sander Verdonschot,7,https://contributors.rubyonrails.org/contributors/sander-verdonschot/commits
Sasha Gerrand,7,https://contributors.rubyonrails.org/contributors/sasha-gerrand/commits
Sergey Ponomarev,7,https://contributors.rubyonrails.org/contributors/sergey-ponomarev/commits
Sergio Gil,7,https://contributors.rubyonrails.org/contributors/sergio-gil/commits
Stefan Wrobel,7,https://contributors.rubyonrails.org/contributors/stefan-wrobel/commits
Sugino Yasuhiro,7,https://contributors.rubyonrails.org/contributors/sugino-yasuhiro/commits
Tadas Tamošauskas,7,https://contributors.rubyonrails.org/contributors/tadas-tamosauskas/commits
Tahsin Hasan,7,https://contributors.rubyonrails.org/contributors/tahsin-hasan/commits
Thijs van der Vossen,7,https://contributors.rubyonrails.org/contributors/thijs-van-der-vossen/commits
Tiago Macedo,7,https://contributors.rubyonrails.org/contributors/tiago-macedo/commits
Tim Rogers,7,https://contributors.rubyonrails.org/contributors/tim-rogers/commits
Tom Clarke,7,https://contributors.rubyonrails.org/contributors/tom-clarke/commits
Tom Dale,7,https://contributors.rubyonrails.org/contributors/tom-dale/commits
Tom Fakes,7,https://contributors.rubyonrails.org/contributors/tom-fakes/commits
Trevor Squire,7,https://contributors.rubyonrails.org/contributors/trevor-squire/commits
Tristan Dunn,7,https://contributors.rubyonrails.org/contributors/tristan-dunn/commits
viralpraxis,7,https://contributors.rubyonrails.org/contributors/viralpraxis/commits
Wesley Moxam,7,https://contributors.rubyonrails.org/contributors/wesley-moxam/commits
wonda-tea-coffee,7,https://contributors.rubyonrails.org/contributors/wonda-tea-coffee/commits
Yong Bakos,7,https://contributors.rubyonrails.org/contributors/yong-bakos/commits
Yosuke Kabuto,7,https://contributors.rubyonrails.org/contributors/yosuke-kabuto/commits
Younes SERRAJ,7,https://contributors.rubyonrails.org/contributors/younes-serraj/commits
Yukio Mizuta,7,https://contributors.rubyonrails.org/contributors/yukio-mizuta/commits
Zack Chandler,7,https://contributors.rubyonrails.org/contributors/zack-chandler/commits
Zhang Kang,7,https://contributors.rubyonrails.org/contributors/zhang-kang/commits
Zheng Jia,7,https://contributors.rubyonrails.org/contributors/zheng-jia/commits
Aaron Stone,6,https://contributors.rubyonrails.org/contributors/aaron-stone/commits
Aayush khandelwal,6,https://contributors.rubyonrails.org/contributors/aayush-khandelwal/commits
Abd ar-Rahman Hamidi,6,https://contributors.rubyonrails.org/contributors/abd-ar-rahman-hamidi/commits
Achmad Chun Chun,6,https://contributors.rubyonrails.org/contributors/achmad-chun-chun/commits
Adam Milligan,6,https://contributors.rubyonrails.org/contributors/adam-milligan/commits
Afshin Mokhtari,6,https://contributors.rubyonrails.org/contributors/afshin-mokhtari/commits
AJ Acevedo,6,https://contributors.rubyonrails.org/contributors/aj-acevedo/commits
Alan Savage,6,https://contributors.rubyonrails.org/contributors/alan-savage/commits
Alan Wu,6,https://contributors.rubyonrails.org/contributors/alan-wu/commits
Alberto Perdomo,6,https://contributors.rubyonrails.org/contributors/alberto-perdomo/commits
Alejandro Andrés,6,https://contributors.rubyonrails.org/contributors/alejandro-andres/commits
Alex Baldwin,6,https://contributors.rubyonrails.org/contributors/alex-baldwin/commits
Alex Wayne,6,https://contributors.rubyonrails.org/contributors/alex-wayne/commits
Andreas Loupasakis,6,https://contributors.rubyonrails.org/contributors/andreas-loupasakis/commits
Ankit Bansal,6,https://contributors.rubyonrails.org/contributors/ankit-bansal/commits
Anthony Crumley,6,https://contributors.rubyonrails.org/contributors/anthony-crumley/commits
Arthur Zapparoli,6,https://contributors.rubyonrails.org/contributors/arthur-zapparoli/commits
Benny Klotz,6,https://contributors.rubyonrails.org/contributors/benny-klotz/commits
Ben Pickles,6,https://contributors.rubyonrails.org/contributors/ben-pickles/commits
Blaine Cook,6,https://contributors.rubyonrails.org/contributors/blaine-cook/commits
Blake Mesdag,6,https://contributors.rubyonrails.org/contributors/blake-mesdag/commits
Brendan Ribera,6,https://contributors.rubyonrails.org/contributors/brendan-ribera/commits
Brock Trappitt,6,https://contributors.rubyonrails.org/contributors/brock-trappitt/commits
Bryan Woods,6,https://contributors.rubyonrails.org/contributors/bryan-woods/commits
Burke Libbey,6,https://contributors.rubyonrails.org/contributors/burke-libbey/commits
Caleb Tennis,6,https://contributors.rubyonrails.org/contributors/caleb-tennis/commits
Cameron Bothner,6,https://contributors.rubyonrails.org/contributors/cameron-bothner/commits
Carlos Souza,6,https://contributors.rubyonrails.org/contributors/carlos-souza/commits
Charles M. Gerungan,6,https://contributors.rubyonrails.org/contributors/charles-m-gerungan/commits
Chris Mear,6,https://contributors.rubyonrails.org/contributors/chris-mear/commits
Christopher Dell,6,https://contributors.rubyonrails.org/contributors/christopher-dell/commits
cjilbert504,6,https://contributors.rubyonrails.org/contributors/cjilbert504/commits
Coda Hale,6,https://contributors.rubyonrails.org/contributors/coda-hale/commits
Colin Kelley,6,https://contributors.rubyonrails.org/contributors/colin-kelley/commits
Daniel Azuma,6,https://contributors.rubyonrails.org/contributors/daniel-azuma/commits
Daniel Lopes,6,https://contributors.rubyonrails.org/contributors/daniel-lopes/commits
Daniel Ritz,6,https://contributors.rubyonrails.org/contributors/daniel-ritz/commits
Dan Olson,6,https://contributors.rubyonrails.org/contributors/dan-olson/commits
David Genord II,6,https://contributors.rubyonrails.org/contributors/david-genord-ii/commits
David Lowenfels,6,https://contributors.rubyonrails.org/contributors/david-lowenfels/commits
David Morton,6,https://contributors.rubyonrails.org/contributors/david-morton/commits
David N. Welton,6,https://contributors.rubyonrails.org/contributors/david-n-welton/commits
Diego Algorta,6,https://contributors.rubyonrails.org/contributors/diego-algorta/commits
Diego Plentz,6,https://contributors.rubyonrails.org/contributors/diego-plentz/commits
Eric Anderson,6,https://contributors.rubyonrails.org/contributors/eric-anderson/commits
Felipe,6,https://contributors.rubyonrails.org/contributors/felipe/commits
Felipe Tovar,6,https://contributors.rubyonrails.org/contributors/felipe-tovar/commits
Felix Bünemann,6,https://contributors.rubyonrails.org/contributors/felix-bunemann/commits
Gabriel Amaral,6,https://contributors.rubyonrails.org/contributors/gabriel-amaral/commits
Hormoz Kheradmand,6,https://contributors.rubyonrails.org/contributors/hormoz-kheradmand/commits
Ian Candy,6,https://contributors.rubyonrails.org/contributors/ian-candy/commits
Ian White,6,https://contributors.rubyonrails.org/contributors/ian-white/commits
Isaac Betesh,6,https://contributors.rubyonrails.org/contributors/isaac-betesh/commits
James Coglan,6,https://contributors.rubyonrails.org/contributors/james-coglan/commits
jamesh,6,https://contributors.rubyonrails.org/contributors/jamesh/commits
James Tucker,6,https://contributors.rubyonrails.org/contributors/james-tucker/commits
Jared Armstrong,6,https://contributors.rubyonrails.org/contributors/jared-armstrong/commits
Jason Dew,6,https://contributors.rubyonrails.org/contributors/jason-dew/commits
Javier Aranda,6,https://contributors.rubyonrails.org/contributors/javier-aranda/commits
Jean Helou,6,https://contributors.rubyonrails.org/contributors/jean-helou/commits
Jeff Lawson,6,https://contributors.rubyonrails.org/contributors/jeff-lawson/commits
Jeremy Friesen,6,https://contributors.rubyonrails.org/contributors/jeremy-friesen/commits
Jeroen Jacobs,6,https://contributors.rubyonrails.org/contributors/jeroen-jacobs/commits
Jill Klang,6,https://contributors.rubyonrails.org/contributors/jill-klang/commits
John F. Douthat,6,https://contributors.rubyonrails.org/contributors/john-f-douthat/commits
John Gallagher,6,https://contributors.rubyonrails.org/contributors/john-gallagher/commits
John Gesimondo,6,https://contributors.rubyonrails.org/contributors/john-gesimondo/commits
Jolyon Pawlyn,6,https://contributors.rubyonrails.org/contributors/jolyon-pawlyn/commits
Josh Justice,6,https://contributors.rubyonrails.org/contributors/josh-justice/commits
Josh Knowles,6,https://contributors.rubyonrails.org/contributors/josh-knowles/commits
Julia López,6,https://contributors.rubyonrails.org/contributors/julia-lopez/commits
Julio Lopez,6,https://contributors.rubyonrails.org/contributors/julio-lopez/commits
Justin Palmer,6,https://contributors.rubyonrails.org/contributors/justin-palmer/commits
Justin Searls,6,https://contributors.rubyonrails.org/contributors/justin-searls/commits
KapilSachdev,6,https://contributors.rubyonrails.org/contributors/kapilsachdev/commits
Kazuhiko Shiozaki,6,https://contributors.rubyonrails.org/contributors/kazuhiko-shiozaki/commits
Kazuhiro NISHIYAMA,6,https://contributors.rubyonrails.org/contributors/kazuhiro-nishiyama/commits
Keith Morrison,6,https://contributors.rubyonrails.org/contributors/keith-morrison/commits
Kevin Casey,6,https://contributors.rubyonrails.org/contributors/kevin-casey/commits
Kevin Glowacz,6,https://contributors.rubyonrails.org/contributors/kevin-glowacz/commits
Kevin Jackson,6,https://contributors.rubyonrails.org/contributors/kevin-jackson/commits
Konstantinos Rousis,6,https://contributors.rubyonrails.org/contributors/konstantinos-rousis/commits
Kyosuke Morohashi,6,https://contributors.rubyonrails.org/contributors/kyosuke-morohashi/commits
Leandro Facchinetti,6,https://contributors.rubyonrails.org/contributors/leandro-facchinetti/commits
leastbad,6,https://contributors.rubyonrails.org/contributors/leastbad/commits
maniSHarma7575,6,https://contributors.rubyonrails.org/contributors/manisharma7575/commits
Marek Kasztelnik,6,https://contributors.rubyonrails.org/contributors/marek-kasztelnik/commits
Mark Imbriaco,6,https://contributors.rubyonrails.org/contributors/mark-imbriaco/commits
Martin Schuerrer,6,https://contributors.rubyonrails.org/contributors/martin-schuerrer/commits
Matias Grunberg,6,https://contributors.rubyonrails.org/contributors/matias-grunberg/commits
Matt Brictson,6,https://contributors.rubyonrails.org/contributors/matt-brictson/commits
Matthew Robertson,6,https://contributors.rubyonrails.org/contributors/matthew-robertson/commits
matt swanson,6,https://contributors.rubyonrails.org/contributors/matt-swanson/commits
Maurizio De Santis,6,https://contributors.rubyonrails.org/contributors/maurizio-de-santis/commits
Max Chernyak,6,https://contributors.rubyonrails.org/contributors/max-chernyak/commits
Michael Leimstaedtner,6,https://contributors.rubyonrails.org/contributors/michael-leimstaedtner/commits
Mike Clark,6,https://contributors.rubyonrails.org/contributors/mike-clark/commits
Mike Mangino,6,https://contributors.rubyonrails.org/contributors/mike-mangino/commits
Mike Munroe,6,https://contributors.rubyonrails.org/contributors/mike-munroe/commits
Murahashi Sanemat Kenichi,6,https://contributors.rubyonrails.org/contributors/murahashi-sanemat-kenichi/commits
Nathaniel Bibler,6,https://contributors.rubyonrails.org/contributors/nathaniel-bibler/commits
Neil Carvalho,6,https://contributors.rubyonrails.org/contributors/neil-carvalho/commits
Nicholas E. May (on Enterprise),6,https://contributors.rubyonrails.org/contributors/nicholas-e-may-on-enterprise/commits
Nicolás Hock Isaza,6,https://contributors.rubyonrails.org/contributors/nicolas-hock-isaza/commits
Nikolay Shebanov,6,https://contributors.rubyonrails.org/contributors/nikolay-shebanov/commits
nisusam,6,https://contributors.rubyonrails.org/contributors/nisusam/commits
Noah Gibbs,6,https://contributors.rubyonrails.org/contributors/noah-gibbs/commits
Noah Hendrix,6,https://contributors.rubyonrails.org/contributors/noah-hendrix/commits
notapatch,6,https://contributors.rubyonrails.org/contributors/notapatch/commits
Olivier,6,https://contributors.rubyonrails.org/contributors/olivier/commits
Oriol Gual,6,https://contributors.rubyonrails.org/contributors/oriol-gual/commits
Paul Battley,6,https://contributors.rubyonrails.org/contributors/paul-battley/commits
Per Wigren,6,https://contributors.rubyonrails.org/contributors/per-wigren/commits
Philippe Creux,6,https://contributors.rubyonrails.org/contributors/philippe-creux/commits
Pierre Jambet,6,https://contributors.rubyonrails.org/contributors/pierre-jambet/commits
Raul Murciano,6,https://contributors.rubyonrails.org/contributors/raul-murciano/commits
